loja,faturamento,quantidade,ticket_medio,ranking_loja
São Paulo,22098300.0,741,29822.267206477733,1
Rio de Janeiro,14867800.0,650,22873.53846153846,2
Fortaleza,14087900.0,656,21475.45731707317,3
Salvador,13111300.0,645,20327.596899224805,4
Goiás,7441800.0,471,15800.0,5
Recife,7303000.0,463,15773.218142548596,6
